№;Ідентифікатор_підрозділу;Посилання_підрозділу;Тип устройства;universal_phrases_ru;universal_phrases_ua;base_keyword_ru;base_keyword_ua;allowed_specs
1;153504;https://prom.ua/Datchiki-dlya-umnogo;Пристрої для дому;"умные устройства для дома, система умного дома, устройства автоматизации дома, оборудование для умного дома, smart home устройства, техника для дома умная, управление домом через приложение, устройства комфорта и безопасности дома, бытовые смарт устройства, решения для умного дома";"розумні пристрої для дому, система розумного дому, пристрої автоматизації дому, обладнання для розумного дому, smart home пристрої, розумна техніка для дому, керування домом через додаток, пристрої комфорту та безпеки дому, побутові смарт пристрої, рішення для розумного дому";умный дом;розумний дім;"Виробник, Тип устройства"
2;270207;https://prom.ua/Drugie-zootovary;Пристрої для тварин;"устройства для домашних животных, техника для ухода за животными, умные устройства для питомцев, аксессуары для животных умные, автоматические устройства для кормления, устройства наблюдения за животными, гаджеты для питомцев, техника для комфорта животных, системы ухода за питомцами, решения для животных";"пристрої для домашніх тварин, техніка для догляду за тваринами, розумні пристрої для улюбленців, аксесуари для тварин розумні, автоматичні пристрої для годування, пристрої спостереження за тваринами, гаджети для улюбленців, техніка для комфорту тварин, системи догляду за улюбленцями, рішення для тварин";товары для животных;товари для тварин;"Виробник, Тип устройства"
3;301105;https://prom.ua/Kamery-videonablyudeniya;Камери;"камера видеонаблюдения, видеокамера видеонаблюдения, камера безопасности, видеонаблюдение, видеокамера слежения";"камера відеоспостереження, відеокамера відеоспостереження, камера безпеки, відеоспостереження, відеокамера стеження";видеокамера;відеокамера;"Виробник, Тип устройства, Роздільна здатність (Мп), Тип камери, Фокусна відстань, Кут огляду по горизонталі, Вбудований мікрофон, Наявність ІЧ-підсвічування, Порт для SD-карти, Бездротовий інтерфейс, Захист обладнання від води і пилу IP, Кодек стиснення, Форм-фактор"
4;301105;https://prom.ua/Kamery-videonablyudeniya;PTZ-камери;"ptz камера, поворотная камера, скоростная купольная камера, ip ptz камера, камера с зумом, поворотная ip камера, камера видеонаблюдения ptz, купольная ptz камера";"ptz камера, поворотна камера, швидкісна купольна камера, ip ptz камера, камера з зумом, поворотна ip камера, камера відеоспостереження ptz, купольна ptz камера";ptz камера;ptz камера;"Виробник, Тип устройства, Роздільна здатність (Мп), Тип камери, Фокусна відстань, Кут огляду по горизонталі, Вбудований мікрофон, Наявність ІЧ-підсвічування, Порт для SD-карти, Бездротовий інтерфейс, Захист обладнання від води і пилу IP, Кодек стиснення, Форм-фактор"
5;301105;https://prom.ua/Kamery-videonablyudeniya;Тепловізійні  камери;"тепловизионная камера, тепловизор камера, инфракрасная тепловизионная камера, ip тепловизионная камера, камера ночного видения тепловизионная, тепловизионное видеонаблюдение, камера с тепловизором, тепловизор для наблюдения";"тепловізійна камера, тепловізор камера, інфрачервона тепловізійна камера, ip тепловізійна камера, камера нічного бачення тепловізійна, тепловізійне відеоспостереження, камера з тепловізором, тепловізор для спостереження";тепловизионная камера;тепловізійна камера;"Виробник, Тип устройства, Роздільна здатність (Мп), Тип камери, Фокусна відстань, Кут огляду по горизонталі, Вбудований мікрофон, Наявність ІЧ-підсвічування, Порт для SD-карти, Бездротовий інтерфейс, Захист обладнання від води і пилу IP, Кодек стиснення, Форм-фактор"
6;301105;https://prom.ua/Kamery-videonablyudeniya;Тепловізійні  PTZ-камери;"тепловизионная ptz камера, поворотная тепловизионная камера, ptz камера с тепловизором, камера видеонаблюдения с тепловизором ptz, тепловизионная камера с зумом, поворотная камера с тепловизором, ip ptz тепловизионная камера, камера для обнаружения температуры, тепловизор для охраны периметра, профессиональная тепловизионная ptz камера";"тепловізійна ptz камера, поворотна тепловізійна камера, ptz камера з тепловізором, камера відеоспостереження з тепловізором ptz, тепловізійна камера з зумом, поворотна камера з тепловізором, ip ptz тепловізійна камера, камера для виявлення температури, тепловізор для охорони периметра, професійна тепловізійна ptz камера";тепловизионная камера ptz;тепловізійна камера ptz;"Виробник, Тип устройства, Роздільна здатність (Мп), Тип камери, Фокусна відстань, Кут огляду по горизонталі, Вбудований мікрофон, Наявність ІЧ-підсвічування, Порт для SD-карти, Бездротовий інтерфейс, Захист обладнання від води і пилу IP, Кодек стиснення, Форм-фактор"
7;301105;https://prom.ua/Kamery-videonablyudeniya;Відеоконтроль трафіку;"камера контроля трафика, система видеоконтроля трафика, камера распознавания номеров, камера для мониторинга транспорта, ip камера для дорог, система контроля дорожного движения, камера фиксации нарушений, видеонаблюдение для дорог, камера учета транспорта, система анализа трафика";"камера контролю трафіку, система відеоконтролю трафіку, камера розпізнавання номерів, камера для моніторингу транспорту, ip камера для доріг, система контролю дорожнього руху, камера фіксації порушень, відеоспостереження для доріг, камера обліку транспорту, система аналізу трафіку";камера контроля трафика;камера контролю трафіку;"Виробник, Тип устройства, Роздільна здатність (Мп), Тип камери, Фокусна відстань, Кут огляду по горизонталі, Вбудований мікрофон, Наявність ІЧ-підсвічування, Порт для SD-карти, Бездротовий інтерфейс, Захист обладнання від води і пилу IP, Кодек стиснення, Форм-фактор"
8;301105;https://prom.ua/Kamery-videonablyudeniya;Портативні камери;"портативная камера видеонаблюдения, переносная камера безопасности, компактная камера наблюдения, мобильная камера видеонаблюдения, автономная камера наблюдения, камера с аккумулятором, беспроводная портативная камера, мини камера видеонаблюдения, переносная ip камера, компактная камера для охраны";"портативна камера відеоспостереження, переносна камера безпеки, компактна камера спостереження, мобільна камера відеоспостереження, автономна камера спостереження, камера з акумулятором, бездротова портативна камера, міні камера відеоспостереження, переносна ip камера, компактна камера для охорони";портативная камера;портативна камера;"Виробник, Тип устройства, Роздільна здатність (Мп), Тип камери, Фокусна відстань, Кут огляду по горизонталі, Вбудований мікрофон, Наявність ІЧ-підсвічування, Порт для SD-карти, Бездротовий інтерфейс, Захист обладнання від води і пилу IP, Кодек стиснення, Форм-фактор"
9;301101;https://prom.ua/Videoregistratory;Реєстратори;"видеорегистратор для видеонаблюдения, регистратор камер наблюдения, гибридный  видеорегистратор, мультиформатный видеорегистратор,  цифровой видеорегистратор, регистратор системы безопасности, видеорегистратор для камер, устройство записи видеонаблюдения";"відеореєстратор для відеоспостереження, реєстратор камер спостереження, гібридний відеореєстратор, мультиформатний відеореєстратор, цифровий відеореєстратор, реєстратор системи безпеки, відеореєстратор для камер, пристрій запису відеоспостереження";видеорегистратор;відеореєстратор;"Виробник, Тип устройства, Кількість каналів, Тип відеореєстратора, Підтримка PoE"
10;301101;https://prom.ua/Videoregistratory;Комплекти відеонагляду;"комплект видеонаблюдения, система видеонаблюдения комплект, набор камер видеонаблюдения, готовое решение видеонаблюдения, комплект ip видеонаблюдения, комплект видеонаблюдения с регистратором, комплект камер для дома, комплект видеонаблюдения для бизнеса, комплект безопасности с камерами, комплект видеонаблюдения под ключ";"комплект відеоспостереження, система відеоспостереження комплект, набір камер відеоспостереження, готове рішення відеоспостереження, комплект ip відеоспостереження, комплект відеоспостереження з реєстратором, комплект камер для дому, комплект відеоспостереження для бізнесу, комплект безпеки з камерами, комплект відеоспостереження під ключ";комплект видеонаблюдения;комплект відеоспостереження;"Виробник, Тип устройства"
11;70704;https://prom.ua/Zhestkie-diski;HDD;"жесткий диск hdd, hdd диск для видеонаблюдения, накопитель hdd, внутренний жесткий диск, диск для видеорегистратора, hdd для хранения данных, жесткий диск для системы безопасности, диск памяти для камер, hdd накопитель для архива, диск для записи видео";"жорсткий диск hdd, hdd диск для відеоспостереження, накопичувач hdd, внутрішній жорсткий диск, диск для відеореєстратора, hdd для зберігання даних, жорсткий диск для системи безпеки, диск пам'яті для камер, hdd накопичувач для архіву, диск для запису відео";жесткий диск;жорсткий диск;"Виробник, Тип устройства"
12;63705;https://prom.ua/Karty-pamyati;MicroSD;"microsd карта памяти, карта памяти microsd, карта памяти для камер, microsd для видеонаблюдения, карта памяти для регистратора, флеш карта microsd, карта памяти для хранения данных, microsd для записи видео, карта памяти для ip камер, microsd накопитель";"карта пам'яті microsd, microsd карта пам'яті, карта пам'яті для камер, microsd для відеоспостереження, карта пам'яті для реєстратора, флеш карта microsd, карта пам'яті для зберігання даних, microsd для запису відео, карта пам'яті для ip камер, microsd накопичувач";карта памяти microsd;карта пам'яті microsd;"Виробник, Тип устройства"
13;70501;https://prom.ua/Flesh-nakopitel;USB;"usb накопитель, флешка usb, usb флеш накопитель, флеш карта usb, usb память, накопитель usb для данных, флешка для записи, usb устройство хранения, флеш накопитель для архива, usb диск";"usb накопичувач, флешка usb, usb флеш накопичувач, флеш карта usb, usb пам'ять, накопичувач usb для даних, флешка для запису, usb пристрій зберігання, флеш накопичувач для архіву, usb диск";usb накопитель;usb накопичувач;"Виробник, Тип устройства"
14;706;https://prom.ua/Monitory;Монітори;"монитор, экран дисплей, монитор видеонаблюдения, дисплей для камеры, монитор системы, экран контроля, монитор безопасности, дисплей системы, монитор видеосистемы, экран наблюдения";"монітор, екран дисплей, монітор відеоспостереження, дисплей для камери, монітор системи, екран контролю, монітор безпеки, дисплей системи, монітор відеосистеми, екран спостереження";монитор;монітор;"Виробник, Тип устройства"
15;706;https://prom.ua/Monitory;Телевізори;"телевизор, телевизор смарт, смарт тв, телевизор 4k, телевизор led, телевизор android tv, телевизор wifi, телевизор экран, телевизор для дома, телевизор цифровой";"телевізор, телевізор смарт, смарт тв, телевізор 4k, телевізор led, телевізор android tv, телевізор wifi, телевізор екран, телевізор для дому, телевізор цифровий";телевизор;телевізор;"Виробник, Тип устройства"
16;706;https://prom.ua/Monitory;Засоби для чищення;"средство для чистки экранов, очиститель экрана, салфетки для экрана, жидкость для экрана, спрей для экрана, набор для чистки экрана, чистка монитора средство, очиститель дисплея, средство для монитора, уход за экраном";"засіб для чищення екранів, очищувач екрана, серветки для екрана, рідина для екрана, спрей для екрана, набір для чищення екрана, засіб для монітора, очищувач дисплея, догляд за екраном, чистка монітора засіб";средство для чистки экранов;засіб для чищення екранів;"Виробник, Тип устройства"
17;301112;https://prom.ua/Kozhuhi-i-kronshtejny;Кронштейни для камер;"кронштейн для камеры, крепление для камеры видеонаблюдения, настенный кронштейн для камеры, потолочный кронштейн для камеры, держатель камеры, монтаж камеры видеонаблюдения, крепеж для камер, кронштейн для ip камеры, универсальный кронштейн для камеры, аксессуары для установки камер";"кронштейн для камери, кріплення для камери відеоспостереження, настінний кронштейн для камери, стельовий кронштейн для камери, тримач камери, монтаж камери відеоспостереження, кріплення для камер, кронштейн для ip камери, універсальний кронштейн для камери, аксесуари для встановлення камер";кронштейн для камеры;кронштейн для камери;"Виробник, Тип устройства"
18;301112;https://prom.ua/Kozhuhi-i-kronshtejny;Кронштейни для камер;"кронштейн для камеры, крепление для камеры видеонаблюдения, настенный кронштейн для камеры, потолочный кронштейн для камеры, держатель камеры, монтаж камеры видеонаблюдения, крепеж для камер, кронштейн для ip камеры, универсальный кронштейн для камеры, аксессуары для установки камер";"кронштейн для камери, кріплення для камери відеоспостереження, настінний кронштейн для камери, стельовий кронштейн для камери, тримач камери, монтаж камери відеоспостереження, кріплення для камер, кронштейн для ip камери, універсальний кронштейн для камери, аксесуари для встановлення камер";кронштейн для камеры;кронштейн для камери;"Виробник, Тип устройства"
19;5092913;https://prom.ua/Korobki-montazhnye;Розподільні коробки для камер;"распределительная коробка для камеры, монтажная коробка для камеры, коробка для подключения камеры, герметичная коробка для камеры, коробка коммутационная для камер, коробка для ip камеры, аксессуары для монтажа камер, защитная коробка для камеры, коробка для видеонаблюдения, монтажная коробка видеонаблюдения";"розподільна коробка для камери, монтажна коробка для камери, коробка для підключення камери, герметична коробка для камери, комутаційна коробка для камер, коробка для ip камери, аксесуари для монтажу камер, захисна коробка для камери, коробка для відеоспостереження, монтажна коробка відеоспостереження";распределительная коробка для камеры;розподільна коробка для камери;"Виробник, Тип устройства"
20;5092913;https://prom.ua/Korobki-montazhnye;Розподільні коробки для камер;"распределительная коробка для камеры, монтажная коробка для камеры, коробка для подключения камеры, герметичная коробка для камеры, коробка коммутационная для камер, коробка для ip камеры, аксессуары для монтажа камер, защитная коробка для камеры, коробка для видеонаблюдения, монтажная коробка видеонаблюдения";"розподільна коробка для камери, монтажна коробка для камери, коробка для підключення камери, герметична коробка для камери, комутаційна коробка для камер, коробка для ip камери, аксесуари для монтажу камер, захисна коробка для камери, коробка для відеоспостереження, монтажна коробка відеоспостереження";распределительная коробка для камеры;розподільна коробка для камери;"Виробник, Тип устройства"
21;5092913;https://prom.ua/Korobki-montazhnye;Розподільні коробки;"распределительная коробка, монтажная коробка, электрическая распределительная коробка, коробка для проводки, коммутационная коробка, коробка для кабелей, коробка для соединения проводов, распределительная коробка наружная, распределительная коробка внутренняя, коробка электрическая";"розподільна коробка, монтажна коробка, електрична розподільна коробка, коробка для проводки, комутаційна коробка, коробка для кабелів, коробка для з'єднання проводів, розподільна коробка зовнішня, розподільна коробка внутрішня, коробка електрична";распределительная коробка;розподільна коробка;"Виробник, Тип устройства"
22;5092913;https://prom.ua/Korobki-montazhnye;Розподільні коробки;"распределительная коробка, монтажная коробка, электрическая распределительная коробка, коробка для проводки, коммутационная коробка, коробка для кабелей, коробка для соединения проводов, распределительная коробка наружная, распределительная коробка внутренняя, коробка электрическая";"розподільна коробка, монтажна коробка, електрична розподільна коробка, коробка для проводки, комутаційна коробка, коробка для кабелів, коробка для з'єднання проводів, розподільна коробка зовнішня, розподільна коробка внутрішня, коробка електрична";распределительная коробка;розподільна коробка;"Виробник, Тип устройства"
23;6371204;https://prom.ua/Mikrofony;Зовнішні мікрофони;"внешний микрофон для видеонаблюдения, микрофон для камеры, аудио микрофон для систем безопасности, микрофон для записи звука, микрофон для ip камеры, внешний аудио датчик, микрофон наблюдения, устройство записи звука, микрофон для видеосистем, аксессуары аудио наблюдения";"зовнішній мікрофон для відеоспостереження, мікрофон для камери, аудіо мікрофон для систем безпеки, мікрофон для запису звуку, мікрофон для ip камери, зовнішній аудіо датчик, мікрофон спостереження, пристрій запису звуку, мікрофон для відеосистем, аксесуари аудіо спостереження";внешний микрофон;зовнішній мікрофон;"Виробник, Тип устройства"
24;6371204;https://prom.ua/Mikrofony;Зовнішні мікрофони;"внешний микрофон для видеонаблюдения, микрофон для камеры, аудио микрофон для систем безопасности, микрофон для записи звука, микрофон для ip камеры, внешний аудио датчик, микрофон наблюдения, устройство записи звука, микрофон для видеосистем, аксессуары аудио наблюдения";"зовнішній мікрофон для відеоспостереження, мікрофон для камери, аудіо мікрофон для систем безпеки, мікрофон для запису звуку, мікрофон для ip камери, зовнішній аудіо датчик, мікрофон спостереження, пристрій запису звуку, мікрофон для відеосистем, аксесуари аудіо спостереження";внешний микрофон;зовнішній мікрофон;"Виробник, Тип устройства"
25;301110;https://prom.ua/Pulty-dlya-sistem-videonablyudeniya;Пульти управління;"пульт управления видеонаблюдением, пульт для камер, контроллер управления камерами, пульт для систем безопасности, устройство управления видеонаблюдением, пульт управления ptz камерами, пульт оператора видеонаблюдения, контроллер видеосистемы, аксессуары управления камерами, пульт дистанционного управления камерами";"пульт управління відеоспостереженням, пульт для камер, контролер керування камерами, пульт для систем безпеки, пристрій керування відеоспостереженням, пульт управління ptz камерами, пульт оператора відеоспостереження, контролер відеосистеми, аксесуари керування камерами, пульт дистанційного керування камерами";пульт управления;пульт управління;"Виробник, Тип устройства"
26;301110;https://prom.ua/Pulty-dlya-sistem-videonablyudeniya;Пульти управління;"пульт управления видеонаблюдением, пульт для камер, контроллер управления камерами, пульт для систем безопасности, устройство управления видеонаблюдением, пульт управления ptz камерами, пульт оператора видеонаблюдения, контроллер видеосистемы, аксессуары управления камерами, пульт дистанционного управления камерами";"пульт управління відеоспостереженням, пульт для камер, контролер керування камерами, пульт для систем безпеки, пристрій керування відеоспостереженням, пульт управління ptz камерами, пульт оператора відеоспостереження, контролер відеосистеми, аксесуари керування камерами, пульт дистанційного керування камерами";пульт управления;пульт управління;"Виробник, Тип устройства"
27;150401;https://prom.ua/Naruzhnoe-osveschenie;Прожектори інфрачервоні;"инфракрасный прожектор, ик прожектор для камер, прожектор ночного видения, подсветка для видеонаблюдения, ик подсветка для камер, прожектор для ночной съемки, инфракрасная подсветка, прожектор для систем безопасности, ик освещение для камер, прожектор для охраны";"інфрачервоний прожектор, ік прожектор для камер, прожектор нічного бачення, підсвітка для відеоспостереження, ік підсвітка для камер, прожектор для нічної зйомки, інфрачервона підсвітка, прожектор для систем безпеки, ік освітлення для камер, прожектор для охорони";инфракрасный прожектор;інфрачервоний прожектор;"Виробник, Тип устройства"
28;150401;https://prom.ua/Naruzhnoe-osveschenie;Прожектори інфрачервоні;"инфракрасный прожектор, ик прожектор для камер, прожектор ночного видения, подсветка для видеонаблюдения, ик подсветка для камер, прожектор для ночной съемки, инфракрасная подсветка, прожектор для систем безопасности, ик освещение для камер, прожектор для охраны";"інфрачервоний прожектор, ік прожектор для камер, прожектор нічного бачення, підсвітка для відеоспостереження, ік підсвітка для камер, прожектор для нічної зйомки, інфрачервона підсвітка, прожектор для систем безпеки, ік освітлення для камер, прожектор для охорони";инфракрасный прожектор;інфрачервоний прожектор;"Виробник, Тип устройства"
29;6371809;https://prom.ua/Priemniki-i-peredatchiki-signala;Перехідники та балуни;"видео балун, пассивный балун для камер, переходник для видеонаблюдения, адаптер для камер, balun для передачи сигнала, переходник bnc, аксессуары подключения камер, конвертер сигнала для видеонаблюдения, balun витая пара, адаптер видеосигнала";"відео балун, пасивний балун для камер, перехідник для відеоспостереження, адаптер для камер, balun для передачі сигналу, перехідник bnc, аксесуари підключення камер, конвертер сигналу для відеоспостереження, balun вита пара, адаптер відеосигналу";видео балун;відео балун;"Виробник, Тип устройства"
30;6371809;https://prom.ua/Priemniki-i-peredatchiki-signala;Перехідники та балуни;"видео балун, пассивный балун для камер, переходник для видеонаблюдения, адаптер для камер, balun для передачи сигнала, переходник bnc, аксессуары подключения камер, конвертер сигнала для видеонаблюдения, balun витая пара, адаптер видеосигнала";"відео балун, пасивний балун для камер, перехідник для відеоспостереження, адаптер для камер, balun для передачі сигналу, перехідник bnc, аксесуари підключення камер, конвертер сигналу для відеоспостереження, balun вита пара, адаптер відеосигналу";видео балун;відео балун;"Виробник, Тип устройства"
31;14190406;https://prom.ua/Razemy-i-konnektory;Конектори і роз'єми;"bnc разъем, коннектор для видеонаблюдения, разъем для камер, rj45 коннектор, штекер для кабеля, соединитель кабеля, коннектор питания, разъем питания для камер, аксессуары подключения, коннекторы для кабелей";"bnc роз'єм, конектор для відеоспостереження, роз'єм для камер, rj45 конектор, штекер для кабелю, з'єднувач кабелю, конектор живлення, роз'єм живлення для камер, аксесуари підключення, конектори для кабелів";bnc разъем;bnc роз'єм;"Виробник, Тип устройства"
32;14190406;https://prom.ua/Razemy-i-konnektory;Конектори і роз'єми;"bnc разъем, коннектор для видеонаблюдения, разъем для камер, rj46 коннектор, штекер для кабеля, соединитель кабеля, коннектор питания, разъем питания для камер, аксессуары подключения, коннекторы для кабелей";"bnc роз'єм, конектор для відеоспостереження, роз'єм для камер, rj46 конектор, штекер для кабелю, з'єднувач кабелю, конектор живлення, роз'єм живлення для камер, аксесуари підключення, конектори для кабелів";bnc разъем;bnc роз'єм;"Виробник, Тип устройства"
33;63719;https://prom.ua/Audio-video-kabeli-perehodniki-razemy;Кабелі для живлення;"кабель питания для камер, провод питания видеонаблюдения, кабель 12v для камер, кабель питания системы безопасности, провод для подключения камер, кабель электропитания, кабель dc для камер, кабель питания видеосистем, кабель для подключения оборудования, провод питания устройств";"кабель живлення для камер, провід живлення відеоспостереження, кабель 12v для камер, кабель живлення системи безпеки, провід для підключення камер, кабель електроживлення, кабель dc для камер, кабель живлення відеосистем, кабель для підключення обладнання, провід живлення пристроїв";кабель питания;кабель живлення;"Виробник, Тип устройства"
34;63719;https://prom.ua/Audio-video-kabeli-perehodniki-razemy;Кабелі для живлення;"кабель питания для камер, провод питания видеонаблюдения, кабель 13v для камер, кабель питания системы безопасности, провод для подключения камер, кабель электропитания, кабель dc для камер, кабель питания видеосистем, кабель для подключения оборудования, провод питания устройств";"кабель живлення для камер, провід живлення відеоспостереження, кабель 13v для камер, кабель живлення системи безпеки, провід для підключення камер, кабель електроживлення, кабель dc для камер, кабель живлення відеосистем, кабель для підключення обладнання, провід живлення пристроїв";кабель питания;кабель живлення;"Виробник, Тип устройства"
35;63719;https://prom.ua/Audio-video-kabeli-perehodniki-razemy;"HDMI, VGA підсилювачі";"hdmi усилитель сигнала, vga усилитель сигнала, усилитель hdmi, усилитель vga, репитер hdmi сигнала, усилитель видеосигнала, устройство усиления сигнала, hdmi extender, vga extender, усилитель передачи видео";"hdmi підсилювач сигналу, vga підсилювач сигналу, підсилювач hdmi, підсилювач vga, репітер hdmi сигналу, підсилювач відеосигналу, пристрій підсилення сигналу, hdmi extender, vga extender, підсилювач передачі відео";hdmi усилитель;vga підсилювач;"Виробник, Тип устройства"
36;63719;https://prom.ua/Audio-video-kabeli-perehodniki-razemy;"HDMI, VGA підсилювачі";"hdmi усилитель сигнала, vga усилитель сигнала, усилитель hdmi, усилитель vga, репитер hdmi сигнала, усилитель видеосигнала, устройство усиления сигнала, hdmi extender, vga extender, усилитель передачи видео";"hdmi підсилювач сигналу, vga підсилювач сигналу, підсилювач hdmi, підсилювач vga, репітер hdmi сигналу, підсилювач відеосигналу, пристрій підсилення сигналу, hdmi extender, vga extender, підсилювач передачі відео";hdmi усилитель;vga підсилювач;"Виробник, Тип устройства"
37;3029;https://prom.ua/Domofony-videodomofony;Відеодомофон;"домофон, монитор домофона, домофонная система, видеодомофон для квартиры, видеодомофон для дома, внутренний видеодомофон, цветной видеодомофон, комплект домофона, домофон с экраном";"домофон, монітор домофону, домофонна система, відеодомофон для квартири, відеодомофон для дому, внутрішній відеодомофон, кольоровий відеодомофон, комплект домофону, домофон з екраном";видеодомофон;відеодомофон;"Виробник, Тип устройства, Діагональ екрану (дюйм), Порт для SD-карти, Інтерфейс, Протокол зв'язку"
38;3029;https://prom.ua/Domofony-videodomofony;Комплекти відеодомофонів;"комплект видеодомофона, комплект видеодомофона для дома, набор видеодомофона, система видеодомофона, комплект домофона с камерой, видеодомофон комплект с монитором, комплект видеодомофона для квартиры, домофон система комплект";"комплект відеодомофона, комплект відеодомофона для дому, набір відеодомофона, система відеодомофона, комплект домофона з камерою, відеодомофон комплект з монітором, комплект відеодомофона для квартири, домофон система комплект";комплект видеодомофона;комплект відеодомофона;"Виробник, Тип устройства, Діагональ екрану (дюйм), Порт для SD-карти, Інтерфейс, Протокол зв'язку"
39;3029;https://prom.ua/Domofony-videodomofony;Відеопанель кольорова виклична;"вызывная панель с камерой, панель вызова для домофона, кнопка вызова с камерой, уличная вызывная панель, наружная вызывная панель, антивандальная вызывная панель, кнопка домофона, вызывной блок с камерой, панель видеодомофона";"виклична панель з камерою, панель виклику для домофону, кнопка виклику з камерою, вулична виклична панель, зовнішня виклична панель, антивандальна виклична панель, кнопка домофону, викличний блок з камерою, панель відеодомофону";вызывная панель;виклична панель;"Виробник, Тип устройства, Кількість абонентів, Кут огляду камери по горизонталі, Кут огляду камери, Роздільна здатність камери (ТВЛ), Роздільна здатність камери (Мп), Протокол зв'язку"
40;50906;https://prom.ua/Peregovornye-ustrojstva;Аудіодомофон;"аудиодомофон, домофонная трубка, переговорное устройство, домофон без видео, домофон голосовой, домофонный комплект, домофон для квартиры, домофон простой";"аудіодомофон, домофонна трубка, переговорний пристрій, домофон без відео, домофон голосовий, домофонний комплект, домофон для квартири, домофон простий";аудиодомофон;аудіодомофон;"Виробник, Тип устройства"
41;153502;https://prom.ua/Aksessuary-dlya-domofonnogo;Кронштейни та рамки для домофонів;"кронштейн для домофона, рамка для домофона, крепление домофона, монтажная рамка домофона, держатель домофона, настенное крепление домофона, рамка для панели домофона, аксессуары для домофона";"кронштейн для домофона, рамка для домофона, кріплення домофона, монтажна рамка домофона, тримач домофона, настінне кріплення домофона, рамка для панелі домофона, аксесуари для домофона";кронштейн домофона;кронштейн домофона;"Виробник, Тип устройства"
42;153502;https://prom.ua/Aksessuary-dlya-domofonnogo;Аудіотрубки для домофонів;"аудиотрубка домофона, трубка для домофона, переговорная трубка домофона, домофонная трубка, трубка для аудиодомофона, проводная трубка домофона, внутренняя трубка домофона, трубка связи домофона";"аудіотрубка домофона, трубка для домофона, переговорна трубка домофона, домофонна трубка, трубка для аудіодомофона, провідна трубка домофона, внутрішня трубка домофона, трубка зв'язку домофона";трубка домофона;трубка домофона;"Виробник, Тип устройства"
43;153502;https://prom.ua/Aksessuary-dlya-domofonnogo;Пристрої для підключення домофонів;"модуль подключения домофона, адаптер домофона, устройство подключения домофона, блок подключения домофона, интерфейс домофона, контроллер домофона, плата подключения домофона, модуль сопряжения домофона";"модуль підключення домофона, адаптер домофона, пристрій підключення домофона, блок підключення домофона, інтерфейс домофона, контролер домофона, плата підключення домофона, модуль узгодження домофона";модуль домофона;модуль домофона;"Виробник, Тип устройства"
44;153502;https://prom.ua/Aksessuary-dlya-domofonnogo;Гнучкий перехід;"гибкий переход для кабеля, кабельный переход гибкий, гибкий ввод кабеля, переходник кабельный гибкий, защита кабеля гибкая, гофра для кабеля, кабельный ввод гибкий, гибкий соединитель кабеля";"гнучкий перехід для кабелю, кабельний перехід гнучкий, гнучкий ввід кабелю, перехідник кабельний гнучкий, захист кабелю гнучкий, гофра для кабелю, кабельний ввід гнучкий, гнучкий з'єднувач кабелю";гибкий переход;гнучкий перехід;"Виробник, Тип устройства"
45;153729;https://prom.ua/Takticheskie-teplovizory-;;"тепловизор, тепловизионный прицел, тепловизионная камера, тепловизионный монокуляр, тепловизор охотничий, ручной термограф";"тепловізор, тепловізійний приціл, тепловізійна камера, тепловізійний монокуляр, мисливський тепловізор, ручний термограф";тепловизор;тепловізор;Виробник
46;153709;https://prom.ua/Termometry-pirometry-teplovizory;;"измерение температуры тела, контроль температуры, тепловизор тела, мониторинг температуры, система контроля температуры, измеритель температуры, сканер температуры, контроль доступа температура, термоскрининг, детектор температуры";"вимірювання температури тіла, контроль температури, тепловізор тіла, моніторинг температури, система контролю температури, вимірювач температури, сканер температури, контроль доступу температура, термоскринінг, детектор температури";контроль температуры тела;контроль температури тіла;Виробник
47;181613;https://prom.ua/Pritsely-i-mushki;;"прицел оптический, прицел коллиматорный, лазерный целеуказатель, тактический прицел, прицел для оружия, ночной прицел, прицел с увеличением, коллиматор для стрельбы";"приціл оптичний, приціл коліматорний, лазерний цілевказівник, тактичний приціл, приціл для зброї, нічний приціл, приціл зі збільшенням, коліматор для стрільби";прицел;приціл;Виробник
48;15370706;https://prom.ua/Pribory-nochnogo-videniya;Комплектуючі для ПНБ;"комплектующие пнв, аксессуары для пнв, запчасти для приборов ночного видения, крепления для пнв, элементы питания пнв, линзы для пнв, кабели для пнв, модули для пнв";"комплектуючі пнб, аксесуари для пнб, запчастини для приладів нічного бачення, кріплення для пнб, елементи живлення пнб, лінзи для пнб, кабелі для пнб, модулі для пнб";комплектующие пнв;комплектуючі пнб;"Виробник, Тип устройства"
49;15370706;https://prom.ua/Pribory-nochnogo-videniya;Прилади ПНБ;"прибор ночного видения, пнв для наблюдения, ночной бинокль, ночной монокуляр, цифровой прибор ночного видения, инфракрасный прибор ночного видения, пнв для охраны, устройство ночного видения";"прилад нічного бачення, пнб для спостереження, нічний бінокль, нічний монокуляр, цифровий прилад нічного бачення, інфрачервоний прилад нічного бачення, пнб для охорони, пристрій нічного бачення";прибор ночного видения;прилад нічного бачення;"Виробник, Тип устройства"
50;50906;https://prom.ua/Peregovornye-ustrojstva;Рації;"рация портативная, радиостанция переносная, рация для связи, радиостанция двусторонняя, рация для охраны, рация с гарнитурой, профессиональная рация, рация дальнего действия";"рація портативна, радіостанція переносна, рація для зв'язку, радіостанція двостороння, рація для охорони, рація з гарнітурою, професійна рація, рація дальньої дії";рация;рація;"Виробник, Тип устройства"
51;2657;https://prom.ua/Kvadrokoptery;;"квадрокоптер дрон, дрон с камерой, fpv дрон, беспилотник квадрокоптер, дрон для съемки, профессиональный дрон, складной дрон, дрон с gps";"квадрокоптер дрон, дрон з камерою, fpv дрон, безпілотник квадрокоптер, дрон для зйомки, професійний дрон, складаний дрон, дрон з gps";дрон;дрон;Виробник
52;500415;https://prom.ua/Zapchasti-dlya-kvadrokopterov;;"аккумулятор для квадрокоптера, батарея для дрона, аккумулятор дрона lipo, запасной аккумулятор квадрокоптера, батарея для fpv дрона, аккумулятор для беспилотника, аккумулятор для дрона с камерой, lipo батарея для дрона";"акумулятор для квадрокоптера, батарея для дрона, акумулятор дрона lipo, запасний акумулятор квадрокоптера, батарея для fpv дрона, акумулятор для безпілотника, акумулятор для дрона з камерою, lipo батарея для дрона";аккумулятор для дрона;акумулятор для дрона;Виробник
53;302303;https://prom.ua/Priemno-kontrolnye-pribory-i-pribory-upravleniya;Централі;"приемно контрольный прибор охранный, пкп охранной сигнализации, контрольная панель сигнализации, прибор охранной системы, централь охранной сигнализации, блок управления сигнализации, пульт охраны, система охранной сигнализации";"приймально контрольний прилад охоронний, пкп охоронної сигналізації, контрольна панель сигналізації, прилад охоронної системи, централь охоронної сигналізації, блок управління сигналізації, пульт охорони, система охоронної сигналізації";приемно контрольный прибор;приймально контрольний прилад;"Виробник, Тип устройства"
54;302302;https://prom.ua/Ohrannye-izveschateli;;"охранный датчик, датчик движения охранный, датчик открытия двери, инфракрасный датчик движения, датчик разбития стекла, беспроводной датчик сигнализации, датчик для охраны, датчик проникновения";"охоронний датчик, датчик руху охоронний, датчик відкриття дверей, інфрачервоний датчик руху, датчик розбиття скла, бездротовий датчик сигналізації, датчик для охорони, датчик проникнення";охранный датчик;охоронний датчик;Виробник
55;300402;https://prom.ua/Sireny-signalnye;;"охранная сирена, сирена сигнализации, звуковая сирена охраны, уличная сирена сигнализации, сирена тревожная, сирена для дома, сирена оповещения, сигнализация сирена";"охоронна сирена, сирена сигналізації, звукова сирена охорони, вулична сирена сигналізації, сирена тривожна, сирена для дому, сирена оповіщення, сигналізація сирена";охранная сирена;охоронна сирена;Виробник
56;302307;https://prom.ua/Brelki-pulty-dlya-ohrannyh-sistem;;"пульт управления сигнализацией, устройство управления охраной, клавиатура сигнализации, контроллер сигнализации, панель управления охранной системой, пульт охранной системы, устройство управления сигнализацией, блок управления сигнализации";"пульт управління сигналізацією, пристрій управління охороною, клавіатура сигналізації, контролер сигналізації, панель управління охоронною системою, пульт охоронної системи, пристрій управління сигналізацією, блок управління сигналізації";пульт сигнализации;пульт сигналізації;Виробник
57;300418;https://prom.ua/Sistemy-zashchity-ot-potopa;;"система защиты от протечки, датчик протечки воды, защита от потопа система, датчик утечки воды, система контроля воды, устройство защиты от воды, защита от затопления, система антипротечка";"система захисту від протікання, датчик протікання води, захист від потопу система, датчик витоку води, система контролю води, пристрій захисту від води, захист від затоплення, система антипротікання";защита от протечки;захист від протікання;Виробник
58;302303;https://prom.ua/Priemno-kontrolnye-pribory-i-pribory-upravleniya;Пожежні централі;"пожарный приемно контрольный прибор, пкп пожарной сигнализации, централь пожарной сигнализации, прибор пожарной системы, панель пожарной сигнализации, блок пожарной сигнализации, система пожарной сигнализации, пульт пожарной сигнализации";"пожежний приймально контрольний прилад, пкп пожежної сигналізації, централь пожежної сигналізації, прилад пожежної системи, панель пожежної сигналізації, блок пожежної сигналізації, система пожежної сигналізації, пульт пожежної сигналізації";пожарный пкп;пожежний пкп;"Виробник, Тип устройства"
59;302306;https://prom.ua/Ohrannye-sistemy-i-signalizatsii;Додаткові пожежні пристрої;"пожарные извещатели, датчик дыма пожарный, датчик температуры пожарный, сигнализатор пожара, датчик огня, извещатель дымовой, извещатель тепловой, система пожарного оповещения";"пожежні сповіщувачі, датчик диму пожежний, датчик температури пожежний, сигналізатор пожежі, датчик вогню, сповіщувач димовий, сповіщувач тепловий, система пожежного оповіщення";пожарный извещатель;пожежний сповіщувач;"Виробник, Тип устройства"
60;302306;https://prom.ua/Ohrannye-sistemy-i-signalizatsii;Комплектуючі для сигналізації;"аксессуары для сигнализации, комплектующие сигнализации, монтажные аксессуары сигнализации, блоки питания сигнализации, корпуса для сигнализации, крепления сигнализации, кабели для сигнализации, элементы системы сигнализации";"аксесуари для сигналізації, комплектуючі сигналізації, монтажні аксесуари сигналізації, блоки живлення сигналізації, корпуси для сигналізації, кріплення сигналізації, кабелі для сигналізації, елементи системи сигналізації";аксессуары сигнализации;аксесуари сигналізації;"Виробник, Тип устройства"
61;301010;https://prom.ua/Mehanicheskie-zamki;електромеханічний;"электромеханический замок, замок электромеханический дверной, замок с электроприводом, электрозамок для двери, накладной электромеханический замок, врезной электромеханический замок, замок с дистанционным открытием, электромеханический замок контроль доступа";"електромеханічний замок, замок електромеханічний дверний, замок з електроприводом, електрозамок для дверей, накладний електромеханічний замок, врізний електромеханічний замок, замок з дистанційним відкриттям, електромеханічний замок контроль доступу";электромеханический замок;електромеханічний замок;"Виробник, Тип устройства"
62;301010;https://prom.ua/Mehanicheskie-zamki;електромагнітний;"электромагнитный замок, магнитный замок для двери, замок электромагнитный дверной, магнитный замок контроль доступа, электрозамок магнитный, накладной магнитный замок, замок с удержанием двери, магнитный замок система доступа";"електромагнітний замок, магнітний замок для дверей, замок електромагнітний дверний, магнітний замок контроль доступу, електрозамок магнітний, накладний магнітний замок, замок з утриманням дверей, магнітний замок система доступу";электромагнитный замок;електромагнітний замок;"Виробник, Тип устройства"
63;301010;https://prom.ua/Mehanicheskie-zamki;механічний;"механический замок дверной, замок дверной механический, врезной механический замок, накладной замок дверной, цилиндровый замок, замок для входной двери, замок с ключом, механический замок безопасности";"механічний замок дверний, замок дверний механічний, врізний механічний замок, накладний замок дверний, циліндровий замок, замок для вхідних дверей, замок з ключем, механічний замок безпеки";механический замок;механічний замок;"Виробник, Тип устройства"
64;301301;https://prom.ua/Turnikety;;"турникет контроль доступа, турникет проходной, турникет трипод, турникет электронный, турникет для офиса, турникет система доступа, турникет автоматический, турникет входной";"турнікет контроль доступу, турнікет прохідний, турнікет трипод, турнікет електронний, турнікет для офісу, турнікет система доступу, турнікет автоматичний, турнікет вхідний";турникет;турнікет;Виробник
65;3030;https://prom.ua/Sistemy-kontrolya-dostupa;Термінали;"терминал контроля доступа, терминал учета рабочего времени, биометрический терминал, терминал распознавания лица, терминал доступа, устройство контроля доступа, терминал с картой доступа, терминал скуд";"термінал контролю доступу, термінал обліку робочого часу, біометричний термінал, термінал розпізнавання обличчя, термінал доступу, пристрій контролю доступу, термінал з карткою доступу, термінал скуд";терминал доступа;термінал доступу;"Виробник, Тип устройства"
66;302308;https://prom.ua/Trevozhnye-knopki-i-knopki-vyhoda;Контактна;"кнопка выхода контактная, кнопка выхода механическая, кнопка выхода для двери, кнопка открытия двери, кнопка выхода накладная, кнопка выхода система доступа, кнопка управления дверью, кнопка выхода проводная";"кнопка виходу контактна, кнопка виходу механічна, кнопка виходу для дверей, кнопка відкриття дверей, кнопка виходу накладна, кнопка виходу система доступу, кнопка керування дверима, кнопка виходу провідна";кнопка выхода;кнопка виходу;"Виробник, Тип устройства"
67;302308;https://prom.ua/Trevozhnye-knopki-i-knopki-vyhoda;Безконтактна;"кнопка выхода бесконтактная, сенсорная кнопка выхода, инфракрасная кнопка выхода, кнопка выхода без касания, кнопка открытия двери сенсорная, кнопка выхода ик, кнопка выхода автоматическая, кнопка выхода система доступа";"кнопка виходу безконтактна, сенсорна кнопка виходу, інфрачервона кнопка виходу, кнопка виходу без дотику, кнопка відкриття дверей сенсорна, кнопка виходу ік, кнопка виходу автоматична, кнопка виходу система доступу";бесконтактная кнопка выхода;безконтактна кнопка виходу;"Виробник, Тип устройства"
68;301311;https://prom.ua/Schityvateli;;"считыватель карт доступа, считыватель rfid, считыватель бесконтактных карт, считыватель ключей доступа, считыватель системы доступа, считыватель контроля доступа, считыватель proximity, считыватель rfid карт";"зчитувач карт доступу, зчитувач rfid, зчитувач безконтактних карт, зчитувач ключів доступу, зчитувач системи доступу, зчитувач контролю доступу, зчитувач proximity, зчитувач rfid карт";считыватель;зчитувач;Виробник
69;301312;https://prom.ua/Kontrollery;;"контроллер доступа, контроллер скуд, контроллер управления доступом, сетевой контроллер доступа, контроллер дверей, контроллер системы доступа, контроллер rfid, контроллер учета доступа";"контролер доступу, контролер скуд, контролер управління доступом, мережевий контролер доступу, контролер дверей, контролер системи доступу, контролер rfid, контролер обліку доступу";контроллер;контролер;Виробник
70;3030;https://prom.ua/Sistemy-kontrolya-dostupa;Комплектуючі для СККД;"комплектующие скуд, аксессуары системы доступа, модули скуд, платы контроля доступа, блоки питания скуд, кабели скуд, элементы системы доступа, запчасти скуд";"комплектуючі скуд, аксесуари системи доступу, модулі скуд, плати контролю доступу, блоки живлення скуд, кабелі скуд, елементи системи доступу, запчастини скуд";комплектующие скуд;комплектуючі скуд;"Виробник, Тип устройства"
71;15380311;https://prom.ua/Dovodchiki-dverej;;"доводчик двери, дверной доводчик, гидравлический доводчик, доводчик для входной двери, доводчик накладной, доводчик дверной механизм, доводчик автоматического закрывания, доводчик для офиса";"доводчик дверей, дверний доводчик, гідравлічний доводчик, доводчик для вхідних дверей, доводчик накладний, доводчик дверний механізм, доводчик автоматичного закривання, доводчик для офісу";доводчик;доводчик;Виробник
72;301310;https://prom.ua/Identifikatory;;"карта доступа rfid, брелок доступа, карта для домофона, ключ брелок домофона, карта proximity, брелок rfid, карта контроля доступа, ключ карта домофона";"картка доступу rfid, брелок доступу, картка для домофона, ключ брелок домофона, картка proximity, брелок rfid, картка контролю доступу, ключ картка домофона";карта доступа;картка доступу;Виробник
73;135605;https://prom.ua/Shlagbaumy;Шлагбауми;"автоматический шлагбаум, шлагбаум парковки, шлагбаум въезда, шлагбаум контроль доступа, шлагбаум автомат, шлагбаум система, шлагбаум для парковки, барьер шлагбаум, шлагбаум дорога, шлагбаум управление";"автоматичний шлагбаум, шлагбаум паркінгу, шлагбаум в’їзду, шлагбаум контроль доступу, шлагбаум автомат, шлагбаум система, шлагбаум для паркінгу, бар’єр шлагбаум, шлагбаум дорога, шлагбаум керування";автоматический шлагбаум;автоматичний шлагбаум;"Виробник, Тип устройства"
74;301501;https://prom.ua/Dorozhnye-ograzhdeniya;Блокувальник паркувального місця;"барьер парковочный, дорожный барьер, барьер ограничитель, барьер въезда, барьер безопасности, барьер контроль доступа, барьер механический, барьер парковки, барьер ограждение, барьер защиты";"бар’єр паркувальний, дорожній бар’єр, бар’єр обмежувач, бар’єр в’їзду, бар’єр безпеки, бар’єр контроль доступу, бар’єр механічний, бар’єр паркінгу, бар’єр огорожа, бар’єр захисту";барьер парковочный;бар’єр паркувальний;"Виробник, Тип устройства"
75;13560901;https://prom.ua/Aksessuary-dlya-vorot-i-shagbaumov;Комплектуючі до шлагбаумів;"комплектующие шлагбаума, аксессуары шлагбаума, детали шлагбаума, запчасти шлагбаума, стрела шлагбаума, блок управления шлагбаума, элементы шлагбаума, комплектующие барьера, аксессуары барьера, детали барьера";"комплектуючі шлагбаума, аксесуари шлагбаума, деталі шлагбаума, запчастини шлагбаума, стріла шлагбаума, блок керування шлагбаума, елементи шлагбаума, комплектуючі бар’єра, аксесуари бар’єра, деталі бар’єра";комплектующие шлагбаума;комплектуючі шлагбаума;"Виробник, Тип устройства"
76;70306;https://prom.ua/Shkafy-servernye;Бокси монтажні;"монтажный бокс, распределительный бокс, короб монтажный, бокс для кабеля, уличный монтажный бокс, герметичный бокс, бокс для оборудования, бокс для соединений";"монтажний бокс, розподільчий бокс, короб монтажний, бокс для кабелю, вуличний монтажний бокс, герметичний бокс, бокс для обладнання, бокс для з'єднань";монтажный бокс;монтажний бокс;"Виробник, Тип устройства"
77;70306;https://prom.ua/Shkafy-servernye;Серверні шафи;"серверный шкаф, шкаф серверный стойка, шкаф для серверного оборудования, телекоммуникационный шкаф, серверная стойка, шкаф 19 дюймов, шкаф для сети, шкаф для оборудования";"серверна шафа, шафа серверна стійка, шафа для серверного обладнання, телекомунікаційна шафа, серверна стійка, шафа 19 дюймів, шафа для мережі, шафа для обладнання";серверный шкаф;серверна шафа;"Виробник, Тип устройства"
78;7190605;https://prom.ua/Kabel-telefonnyj;Мережевий;"сетевой кабель, кабель витая пара, кабель ethernet, lan кабель, интернет кабель, кабель rj45, кабель для сети, кабель cat5e cat6";"мережевий кабель, кабель кручена пара, кабель ethernet, lan кабель, інтернет кабель, кабель rj45, кабель для мережі, кабель cat5e cat6";сетевой кабель;мережевий кабель;"Виробник, Тип устройства"
79;7190605;https://prom.ua/Kabel-telefonnyj;Сигнальний;"сигнальный кабель, кабель для сигнализации, кабель передачи сигнала, кабель управления сигналом, кабель для датчиков, кабель связи, многожильный сигнальный кабель, кабель для систем безопасности";"сигнальний кабель, кабель для сигналізації, кабель передачі сигналу, кабель управління сигналом, кабель для датчиків, кабель зв'язку, багатожильний сигнальний кабель, кабель для систем безпеки";сигнальный кабель;сигнальний кабель;"Виробник, Тип устройства"
80;7190605;https://prom.ua/Kabel-telefonnyj;Силовий;"силовой кабель, кабель питания силовой, электрический силовой кабель, кабель 220в, кабель для электропитания, медный силовой кабель, кабель для нагрузки, кабель электросети";"силовий кабель, кабель живлення силовий, електричний силовий кабель, кабель 220в, кабель для електроживлення, мідний силовий кабель, кабель для навантаження, кабель електромережі";силовой кабель;силовий кабель;"Виробник, Тип устройства"
81;7190605;https://prom.ua/Kabel-telefonnyj;Коаксіальний;"коаксиальный кабель, кабель rg6, кабель для антенны, кабель для видеонаблюдения, телевизионный кабель, кабель rg59, кабель для сигнала, кабель коаксиал";"коаксіальний кабель, кабель rg6, кабель для антени, кабель для відеоспостереження, телевізійний кабель, кабель rg59, кабель для сигналу, кабель коаксіал";коаксиальный кабель;коаксіальний кабель;"Виробник, Тип устройства"
82;7190605;https://prom.ua/Kabel-telefonnyj;Комбінований;"комбинированный кабель, кабель питание плюс сигнал, кабель для камер комбинированный, кабель cctv комбинированный, кабель видео питание, кабель 2в1, кабель для видеонаблюдения комбинированный, кабель универсальный";"комбінований кабель, кабель живлення плюс сигнал, кабель для камер комбінований, кабель cctv комбінований, кабель відео живлення, кабель 2в1, кабель для відеоспостереження комбінований, кабель універсальний";комбинированный кабель;комбінований кабель;"Виробник, Тип устройства"
83;7190605;https://prom.ua/Kabel-telefonnyj;Оптичний;"оптический кабель, волоконно оптический кабель, кабель оптоволоконный, кабель для интернета оптика, кабель связи оптика, кабель ftth, кабель для передачи данных оптика, кабель fiber optic";"оптичний кабель, волоконно оптичний кабель, кабель оптоволоконний, кабель для інтернету оптика, кабель зв'язку оптика, кабель ftth, кабель для передачі даних оптика, кабель fiber optic";оптический кабель;оптичний кабель;"Виробник, Тип устройства"
84;7190605;https://prom.ua/Kabel-telefonnyj;Патч-корд оптичний;"оптический патч корд, оптоволоконный патч корд, fiber patch cord, кабель оптический патч, патч кабель оптика, шнур оптический, патч корд lc sc, кабель оптика короткий";"оптичний патч корд, оптоволоконний патч корд, fiber patch cord, кабель оптичний патч, патч кабель оптика, шнур оптичний, патч корд lc sc, кабель оптика короткий";патч корд оптика;патч корд оптика;"Виробник, Тип устройства"
85;7190605;https://prom.ua/Kabel-telefonnyj;Пігтейл оптичний;"оптический пигтейл, пигтейл оптоволоконный, fiber pigtail, пигтейл lc sc, кабель оптический пигтейл, пигтейл сварка оптики, хвост оптический, пигтейл кабель";"оптичний пігтейл, пігтейл оптоволоконний, fiber pigtail, пігтейл lc sc, кабель оптичний пігтейл, пігтейл зварка оптики, хвіст оптичний, пігтейл кабель";пигтейл оптика;пігтейл оптика;"Виробник, Тип устройства"
86;7190605;https://prom.ua/Kabel-telefonnyj;HDMI;"hdmi кабель, кабель hdmi, кабель для телевизора hdmi, кабель hdmi high speed, кабель для монитора hdmi, кабель hdmi 4k, кабель передачи видео hdmi, кабель hdmi длина";"hdmi кабель, кабель hdmi, кабель для телевізора hdmi, кабель hdmi high speed, кабель для монітора hdmi, кабель hdmi 4k, кабель передачі відео hdmi, кабель hdmi довжина";hdmi кабель;hdmi кабель;"Виробник, Тип устройства"
87;7190605;https://prom.ua/Kabel-telefonnyj;HDMI-DVI-D;"hdmi dvi кабель, кабель hdmi dvi d, переходник hdmi dvi кабель, кабель для монитора hdmi dvi, кабель видео hdmi dvi, кабель подключения dvi hdmi, кабель адаптер hdmi dvi, кабель для передачи видео dvi hdmi";"hdmi dvi кабель, кабель hdmi dvi d, перехідник hdmi dvi кабель, кабель для монітора hdmi dvi, кабель відео hdmi dvi, кабель підключення dvi hdmi, кабель адаптер hdmi dvi, кабель для передачі відео dvi hdmi";hdmi dvi кабель;hdmi dvi кабель;"Виробник, Тип устройства"
88;7190605;https://prom.ua/Kabel-telefonnyj;DisplayPort-HDMI;"displayport hdmi кабель, кабель displayport hdmi, переходник displayport hdmi кабель, кабель для монитора displayport hdmi, кабель видео displayport hdmi, адаптер displayport hdmi кабель, кабель dp hdmi, кабель передачи видео dp hdmi";"displayport hdmi кабель, кабель displayport hdmi, перехідник displayport hdmi кабель, кабель для монітора displayport hdmi, кабель відео displayport hdmi, адаптер displayport hdmi кабель, кабель dp hdmi, кабель передачі відео dp hdmi";displayport hdmi кабель;displayport hdmi кабель;"Виробник, Тип устройства"
89;7190605;https://prom.ua/Kabel-telefonnyj;SATA;"sata кабель, кабель sata для диска, кабель подключения hdd sata, кабель ssd sata, кабель передачи данных sata, кабель sata iii, кабель питания sata, кабель для жесткого диска";"sata кабель, кабель sata для диска, кабель підключення hdd sata, кабель ssd sata, кабель передачі даних sata, кабель sata iii, кабель живлення sata, кабель для жорсткого диска";sata кабель;sata кабель;"Виробник, Тип устройства"
90;71903;https://prom.ua/Kommutatory;;"коммутатор сетевой, свитч ethernet, коммутатор lan, сетевой switch, управляемый коммутатор, неуправляемый коммутатор, коммутатор для сети, коммутатор 24 порта";"комутатор мережевий, світч ethernet, комутатор lan, мережевий switch, керований комутатор, некерований комутатор, комутатор для мережі, комутатор 24 порти";коммутатор;комутатор;Виробник
91;71902;https://prom.ua/Routeryi;;"маршрутизатор wifi, роутер интернет, маршрутизатор беспроводной, роутер для дома, маршрутизатор lan wan, wifi роутер, маршрутизатор для сети, роутер с антеннами";"маршрутизатор wifi, роутер інтернет, маршрутизатор бездротовий, роутер для дому, маршрутизатор lan wan, wifi роутер, маршрутизатор для мережі, роутер з антенами";маршрутизатор;маршрутизатор;Виробник
92;7190603;https://prom.ua/Setevye-kontsentratory;;"точка доступа wifi, wifi access point, точка доступа беспроводная, точка доступа для сети, wifi точка доступа для дома, точка доступа потолочная, точка доступа lan, точка доступа с poe";"точка доступу wifi, wifi access point, точка доступу бездротова, точка доступу для мережі, wifi точка доступу для дому, точка доступу стельова, точка доступу lan, точка доступу з poe";точка доступа;точка доступу;Виробник
93;50928;https://prom.ua/Oborudovanie-dlya-pitaniya-po-ethernet;;"poe инжектор, инжектор питания poe, poe адаптер, инжектор для камеры, poe блок питания, инжектор ethernet poe, poe injector, инжектор для сети";"poe інжектор, інжектор живлення poe, poe адаптер, інжектор для камери, poe блок живлення, інжектор ethernet poe, poe injector, інжектор для мережі";poe инжектор;poe інжектор;Виробник
94;5090506;https://prom.ua/Mosty-shlyuzy-besprovodnyh-setej;;"wifi мост, беспроводной мост wifi, мост для передачи сигнала, wifi bridge, мост между сетями, точка мост wifi, мост дальнего действия, мост для интернета";"wifi міст, бездротовий міст wifi, міст для передачі сигналу, wifi bridge, міст між мережами, точка міст wifi, міст дальньої дії, міст для інтернету";wifi мост;wifi міст;Виробник
95;5092006;https://prom.ua/Opticheskij-konverter;;"sfp модуль, оптический трансивер sfp, sfp конвертер, модуль sfp для коммутатора, sfp модуль gigabit, трансивер sfp, sfp адаптер, модуль для оптики";"sfp модуль, оптичний трансивер sfp, sfp конвертер, модуль sfp для комутатора, sfp модуль gigabit, трансивер sfp, sfp адаптер, модуль для оптики";sfp модуль;sfp модуль;Виробник
96;70807;https://prom.ua/Setevye-nakopiteli;;"сетевое хранилище, nas хранилище, сервер хранения данных, хранилище данных, nas сервер, устройство хранения, сетевой накопитель, storage сервер, nas система, сервер файлов";"мережеве сховище, nas сховище, сервер зберігання даних, сховище даних, nas сервер, пристрій зберігання, мережевий накопичувач, storage сервер, nas система, сервер файлів";сетевое хранилище;мережеве сховище;Виробник
97;5092902;https://prom.ua/Patch-paneli;Патч-панелі;"патч панель, patch panel, панель коммутационная, патч панель rj45, панель для сети, коммутационная панель 24 порта, патч панель серверная, панель подключения";"патч панель, patch panel, панель комутаційна, патч панель rj45, панель для мережі, комутаційна панель 24 порти, патч панель серверна, панель підключення";патч панель;патч панель;"Виробник, Тип устройства"
98;14190406;https://prom.ua/Razemy-i-konnektory;Конектори і з'єднувачі для крученої пари;"коннектор rj45, разъем для витой пары, коннектор ethernet, соединитель rj45, коннектор для кабеля сети, штекер rj45, соединитель витой пары, разъем lan кабеля";"конектор rj45, роз'єм для крученої пари, конектор ethernet, з'єднувач rj45, конектор для кабелю мережі, штекер rj45, з'єднувач крученої пари, роз'єм lan кабелю";коннектор rj45;конектор rj45;"Виробник, Тип устройства"
99;70308;https://prom.ua/Aksessuary-i-komplektuyuschie-dlya-servernogo-oborudovaniya;Полиця;"полка серверная, полка для шкафа, полка 19 дюймов, полка для стойки, полка телекоммуникационная, полка для оборудования, монтажная полка, полка серверного шкафа";"полиця серверна, полиця для шафи, полиця 19 дюймів, полиця для стійки, полиця телекомунікаційна, полиця для обладнання, монтажна полиця, полиця серверної шафи";полка серверная;полиця серверна;"Виробник, Тип устройства"
100;70308;https://prom.ua/Aksessuary-i-komplektuyuschie-dlya-servernogo-oborudovaniya;Силовий блок;"силовой блок шкафа, блок питания серверный, розетка для шкафа, блок питания 19 дюймов, силовой модуль шкафа, блок питания стойки, распределитель питания шкафа, pdu блок питания";"силовий блок шафи, блок живлення серверний, розетка для шафи, блок живлення 19 дюймів, силовий модуль шафи, блок живлення стійки, розподільник живлення шафи, pdu блок живлення";силовой блок шкафа;силовий блок шафи;"Виробник, Тип устройства"
101;70308;https://prom.ua/Aksessuary-i-komplektuyuschie-dlya-servernogo-oborudovaniya;Інше обладнання для шаф;"оборудование серверной, аксессуары серверного шкафа, комплектующие серверной, оборудование стойки, элементы серверного шкафа, оборудование для стойки, аксессуары серверные, комплектующие шкафа";"обладнання серверної, аксесуари серверної шафи, комплектуючі серверної, обладнання стійки, елементи серверної шафи, обладнання для стійки, аксесуари серверні, комплектуючі шафи";оборудование серверное;обладнання серверне;"Виробник, Тип устройства"
102;7190604;https://prom.ua/Patch-kordy;Патч-корд;"патч корд, сетевой патч корд, кабель патч корд, patch cord ethernet, патч кабель rj45, кабель для интернета короткий, патч корд cat6, кабель подключения сети";"патч корд, мережевий патч корд, кабель патч корд, patch cord ethernet, патч кабель rj45, кабель для інтернету короткий, патч корд cat6, кабель підключення мережі";патч корд;патч корд;"Виробник, Тип устройства"
103;14191106;https://prom.ua/Istochnik-besperebojnogo-pitaniya-ibp;Джерела безперебійного живлення 12-24В;"ибп 12в 24в, источник бесперебойного питания 12в, ups для камеры, ибп для сигнализации, блок бесперебойного питания, ups 24в, ибп резервный, источник питания резервный";"дбж 12в 24в, джерело безперебійного живлення 12в, ups для камери, дбж для сигналізації, блок безперебійного живлення, ups 24в, дбж резервний, джерело живлення резервне";ибп 12в;дбж 12в;"Виробник, Тип устройства"
104;14191106;https://prom.ua/Istochnik-besperebojnogo-pitaniya-ibp;"ДБЖ, стабілізатори 220В";"ибп 220в, стабилизатор напряжения, ups 220в, стабилизатор для дома, ибп для техники, стабилизатор сети, источник бесперебойного питания 220в, стабилизатор напряжения бытовой";"дбж 220в, стабілізатор напруги, ups 220в, стабілізатор для дому, дбж для техніки, стабілізатор мережі, джерело безперебійного живлення 220в, стабілізатор напруги побутовий";ибп 220в;дбж 220в;"Виробник, Тип устройства"
105;14191103;https://prom.ua/Promyshlennye-istochniki-pitaniya;;"блок питания 12в, блок питания 24в, блок питания 48в, адаптер питания, источник питания постоянный, блок питания для камер, импульсный блок питания, блок питания стабилизированный";"блок живлення 12в, блок живлення 24в, блок живлення 48в, адаптер живлення, джерело живлення постійне, блок живлення для камер, імпульсний блок живлення, блок живлення стабілізований";блок питания;блок живлення;Виробник
106;5280501;https://prom.ua/Akkumulyatornye-bloki;Свинцеві акумулятори;"свинцовый аккумулятор, аккумулятор agm, аккумулятор 12в свинцовый, батарея свинцовая, аккумулятор для ибп, аккумулятор гелевый, аккумулятор для сигнализации, аккумулятор резервный";"свинцевий акумулятор, акумулятор agm, акумулятор 12в свинцевий, батарея свинцева, акумулятор для дбж, акумулятор гелевий, акумулятор для сигналізації, акумулятор резервний";свинцовый аккумулятор;свинцевий акумулятор;"Виробник, Тип устройства"
107;5280501;https://prom.ua/Akkumulyatornye-bloki;Акумулятори літієві;"литиевый аккумулятор, аккумулятор li ion, аккумулятор lifepo4, батарея литиевая, аккумулятор для энергии, аккумулятор для инвертора, литий батарея, аккумулятор для хранения энергии";"літієвий акумулятор, акумулятор li ion, акумулятор lifepo4, батарея літієва, акумулятор для енергії, акумулятор для інвертора, літій батарея, акумулятор для зберігання енергії";литиевый аккумулятор;літієвий акумулятор;"Виробник, Тип устройства"
108;5140401;https://prom.ua/Invertory;;"инвертор напряжения, преобразователь напряжения, инвертор 12в 220в, инвертор для дома, инвертор синусоида, инвертор для солнечных систем, инвертор автономный, инвертор power";"інвертор напруги, перетворювач напруги, інвертор 12в 220в, інвертор для дому, інвертор синусоїда, інвертор для сонячних систем, інвертор автономний, інвертор power";инвертор;інвертор;"Виробник, Тип устройства"
109;14191106;https://prom.ua/Istochnik-besperebojnogo-pitaniya-ibp;Системы накопления энергии BESS;"bess система накопления, аккумуляторная система bess, система хранения энергии, батарейная система bess, система накопления электроэнергии, bess для дома, энергосистема bess, система резервного питания";"bess система накопичення, акумуляторна система bess, система зберігання енергії, батарейна система bess, система накопичення електроенергії, bess для дому, енергосистема bess, система резервного живлення";bess система;bess система;"Виробник, Тип устройства"
110;14191106;https://prom.ua/Istochnik-besperebojnogo-pitaniya-ibp;Автономные системы питания;"автономная система питания, система резервного питания, автономное электропитание, система питания дома, система backup питания, система энергонезависимая, автономная энергосистема, система бесперебойного питания";"автономна система живлення, система резервного живлення, автономне електроживлення, система живлення дому, система backup живлення, система енергонезалежна, автономна енергосистема, система безперебійного живлення";автономная система питания;автономна система живлення;"Виробник, Тип устройства"
111;500901;https://prom.ua/Zaryadnye-stantsii;;"зарядная станция, портативная электростанция, power station, зарядная станция для дома, станция питания, мобильная электростанция, станция резервного питания, зарядная станция аккумуляторная";"зарядна станція, портативна електростанція, power station, зарядна станція для дому, станція живлення, мобільна електростанція, станція резервного живлення, зарядна станція акумуляторна";зарядная станция;зарядна станція;Виробник
112;52806;https://prom.ua/Fotoelementy-i-solnechnye-paneli;;"солнечная панель, солнечная батарея, панель солнечная фотоэлектрическая, панель для генерации энергии, солнечный модуль, панель для дома солнечная, фотоэлектрическая панель, панель pv";"сонячна панель, сонячна батарея, панель сонячна фотоелектрична, панель для генерації енергії, сонячний модуль, панель для дому сонячна, фотоелектрична панель, панель pv";солнечная панель;сонячна панель;Виробник
113;100703;https://prom.ua/Solnechnye-kontrollery;;"контроллер заряда, контроллер солнечной панели, mppt контроллер, pwm контроллер, контроллер зарядки аккумулятора, контроллер для солнечной системы, регулятор заряда, контроллер pv";"контролер заряду, контролер сонячної панелі, mppt контролер, pwm контролер, контролер зарядки акумулятора, контролер для сонячної системи, регулятор заряду, контролер pv";контроллер заряда;контролер заряду;Виробник
114;101003;https://prom.ua/Komplektuyuschie-dlya-alternativnyh-istochnikov-energii;Комплектуючі для сонячних панелей;"комплектующие солнечных панелей, аксессуары солнечных систем, элементы солнечной системы, кабели для солнечных панелей, разъемы для солнечных панелей, оборудование для солнечных систем, запчасти солнечных панелей, компоненты pv";"комплектуючі сонячних панелей, аксесуари сонячних систем, елементи сонячної системи, кабелі для сонячних панелей, роз'єми для сонячних панелей, обладнання для сонячних систем, запчастини сонячних панелей, компоненти pv";комплектующие солнечных панелей;комплектуючі сонячних панелей;"Виробник, Тип устройства"
115;101003;https://prom.ua/Komplektuyuschie-dlya-alternativnyh-istochnikov-energii;Кріплення для сонячних панелей;"крепление солнечных панелей, монтаж солнечных панелей, держатель панелей солнечных, крепеж солнечных модулей, система крепления pv, монтажный комплект панелей, кронштейн для солнечных панелей, крепеж для крыши солнечных панелей";"кріплення сонячних панелей, монтаж сонячних панелей, тримач панелей сонячних, кріплення сонячних модулів, система кріплення pv, монтажний комплект панелей, кронштейн для сонячних панелей, кріплення для даху сонячних панелей";крепление солнечных панелей;кріплення сонячних панелей;"Виробник, Тип устройства"
116;7190605;https://prom.ua/Kabel-telefonnyj;Кабель для сонячних панелей;"кабель для солнечных панелей, кабель pv, провод для солнечной системы, кабель солнечный, кабель для панелей, провод pv системы, кабель для генерации энергии, кабель для солнечных модулей";"кабель для сонячних панелей, кабель pv, провід для сонячної системи, кабель сонячний, кабель для панелей, провід pv системи, кабель для генерації енергії, кабель для сонячних модулів";кабель солнечный;кабель сонячний;"Виробник, Тип устройства"
117;410402;https://prom.ua/Dizel-generatory;;"генератор бензиновый, генератор дизельный, электрогенератор, генератор для дома, генератор резервный, генератор переносной, генератор электрический, генератор питания";"генератор бензиновий, генератор дизельний, електрогенератор, генератор для дому, генератор резервний, генератор переносний, генератор електричний, генератор живлення";генератор;генератор;Виробник
118;1507;https://prom.ua/Batarejki;;"батарейка аа, батарейка ааа, батарейка щелочная, батарейка литиевая, батарейка для техники, батарейка элемент питания, батарейка для пульта, батарейка универсальная";"батарейка аа, батарейка ааа, батарейка лужна, батарейка літієва, батарейка для техніки, батарейка елемент живлення, батарейка для пульта, батарейка універсальна";батарейка;батарейка;Виробник
119;71109;https://prom.ua/Vneshnie-akkumulyatory-dlya-tsifrovoj-tehniki;Адаптери;"адаптер питания, сетевой адаптер, блок адаптер, адаптер для устройства, адаптер питания универсальный, адаптер зарядный, адаптер преобразователь, адаптер для техники";"адаптер живлення, мережевий адаптер, блок адаптер, адаптер для пристрою, адаптер живлення універсальний, адаптер зарядний, адаптер перетворювач, адаптер для техніки";адаптер;адаптер;"Виробник, Тип устройства"
120;71109;https://prom.ua/Vneshnie-akkumulyatory-dlya-tsifrovoj-tehniki;Повербанки;"повербанк, power bank аккумулятор, внешний аккумулятор, портативная батарея, аккумулятор для телефона, powerbank usb, мобильный аккумулятор, батарея резервная";"повербанк, power bank акумулятор, зовнішній акумулятор, портативна батарея, акумулятор для телефону, powerbank usb, мобільний акумулятор, батарея резервна";повербанк;повербанк;"Виробник, Тип устройства"
121;71109;https://prom.ua/Vneshnie-akkumulyatory-dlya-tsifrovoj-tehniki;Кабелі для гаджетів;"кабель для гаджетов, usb кабель, кабель зарядки телефона, кабель type c, кабель lightning, кабель micro usb, кабель usb c to usb c, кабель для смартфона, кабель быстрой зарядки, кабель передачи данных";"кабель для гаджетів, usb кабель, кабель зарядки телефону, кабель type c, кабель lightning, кабель micro usb, кабель usb c to usb c, кабель для смартфона, кабель швидкої зарядки, кабель передачі даних";кабель для гаджетов;кабель для гаджетів;"Виробник, Тип устройства"
122;410201;https://prom.ua/Zaryadnye-ustrojstva-dlya-akkumulyatorov;;"зарядное устройство аккумулятора, зарядка для батареи, зарядное устройство универсальное, зарядка для аккумуляторов, зарядное устройство 18650, зарядное устройство для авто, зарядка аккумулятора, устройство зарядки батарей";"зарядний пристрій акумулятора, зарядка для батареї, зарядний пристрій універсальний, зарядка для акумуляторів, зарядний пристрій 18650, зарядний пристрій для авто, зарядка акумулятора, пристрій зарядки батарей";зарядное устройство;зарядний пристрій;Виробник
123;141735;https://prom.ua/Mnogofunktsionalnye-instrumenty;"Шуруповерти, дрилі, перфоратори";"шуруповерт аккумуляторный, дрель электрическая, перфоратор строительный, инструмент электро, шуруповерт для дома, дрель ударная, перфоратор мощный, инструмент для ремонта";"шуруповерт акумуляторний, дриль електрична, перфоратор будівельний, інструмент електро, шуруповерт для дому, дриль ударна, перфоратор потужний, інструмент для ремонту";шуруповерт;шуруповерт;"Виробник, Тип устройства"
124;141735;https://prom.ua/Mnogofunktsionalnye-instrumenty;Пилки;"пила электрическая, пила цепная, пила дисковая, инструмент для резки, пила аккумуляторная, пила для дерева, пила строительная, пила ручная";"пила електрична, пила ланцюгова, пила дискова, інструмент для різання, пила акумуляторна, пила для дерева, пила будівельна, пила ручна";пила;пила;"Виробник, Тип устройства"
125;141735;https://prom.ua/Mnogofunktsionalnye-instrumenty;"Нівеліри,далекоміри,детектори";"нивелир лазерный, дальномер лазерный, детектор проводки, измерительный прибор, нивелир строительный, дальномер для измерения, детектор металла стены, прибор измерения расстояния";"нівелір лазерний, далекомір лазерний, детектор проводки, вимірювальний прилад, нівелір будівельний, далекомір для вимірювання, детектор металу стіни, прилад вимірювання відстані";нивелир;нівелір;"Виробник, Тип устройства"
126;141735;https://prom.ua/Mnogofunktsionalnye-instrumenty;Інший інструмент;"инструмент универсальный, набор инструментов, инструмент строительный, инструмент для дома, инструмент ручной универсальный, набор мастера, инструмент для ремонта, инструмент бытовой";"інструмент універсальний, набір інструментів, інструмент будівельний, інструмент для дому, інструмент ручний універсальний, набір майстра, інструмент для ремонту, інструмент побутовий";инструмент;інструмент;"Виробник, Тип устройства"
127;141735;https://prom.ua/Mnogofunktsionalnye-instrumenty;Комплектуючі для електроінструменту;"аксессуары электроинструмента, насадки для инструмента, комплектующие инструмента, аксессуары для дрели, насадки для шуруповерта, оснастка инструмента, принадлежности электроинструмента, комплектующие электроинструмента";"аксесуари електроінструменту, насадки для інструменту, комплектуючі інструменту, аксесуари для дриля, насадки для шуруповерта, оснащення інструменту, приладдя електроінструменту, комплектуючі електроінструменту";аксессуары инструмента;аксесуари інструменту;"Виробник, Тип устройства"
128;141735;https://prom.ua/Mnogofunktsionalnye-instrumenty;Ручний інструмент;"ручной инструмент, инструмент ручной набор, инструмент для ремонта, инструмент слесарный, инструмент для дома, инструмент универсальный, инструмент бытовой, набор ручного инструмента";"ручний інструмент, інструмент ручний набір, інструмент для ремонту, інструмент слюсарний, інструмент для дому, інструмент універсальний, інструмент побутовий, набір ручного інструменту";ручной инструмент;ручний інструмент;"Виробник, Тип устройства"
129;14190906;https://prom.ua/Rele-differentsialnye;;"модульное оборудование, автоматы электрические, модульные устройства, оборудование электрощита, автоматический выключатель, модульная автоматика, устройства защиты, электрооборудование модульное";"модульне обладнання, автомати електричні, модульні пристрої, обладнання електрощита, автоматичний вимикач, модульна автоматика, пристрої захисту, електрообладнання модульне";модульное оборудование;модульне обладнання;Виробник
130;50904;https://prom.ua/Raspredelitelnye-schity;;"электрощит модульный, распределительный щит, щиток электрический, шкаф электрощита, щит для дома, щит распределительный, корпус электрощита, щиток настенный";"електрощит модульний, розподільчий щит, щиток електричний, шафа електрощита, щит для дому, щит розподільчий, корпус електрощита, щиток настінний";электрощит;електрощит;Виробник
131;13070701;https://prom.ua/Stremyanki;;"лестница стремянка, стремянка складная, лестница алюминиевая, стремянка бытовая, лестница строительная, стремянка для дома, лестница переносная, стремянка металлическая";"драбина стремянка, стремянка складна, драбина алюмінієва, стремянка побутова, драбина будівельна, стремянка для дому, драбина переносна, стремянка металева";стремянка;стремянка;Виробник
132;53004;https://prom.ua/Rozetki-elektricheskie;;"розетка электрическая, выключатель света, розетка настенная, выключатель двойной, розетка с заземлением, выключатель клавишный, розетка для дома, электроустановочные изделия";"розетка електрична, вимикач світла, розетка настінна, вимикач подвійний, розетка із заземленням, вимикач клавішний, розетка для дому, електроустановчі вироби";розетка;розетка;Виробник
133;1250355;https://prom.ua/Nabory-sadovyh-instrumentov;Садова техніка;"садовая техника, техника для сада, оборудование садовое, техника для участка, садовый инструмент техника, техника для дачи, оборудование для сада, садовая техника электрическая";"садова техніка, техніка для саду, обладнання садове, техніка для ділянки, садовий інструмент техніка, техніка для дачі, обладнання для саду, садова техніка електрична";садовая техника;садова техніка;"Виробник, Тип устройства"
134;1250355;https://prom.ua/Nabory-sadovyh-instrumentov;Обрізка;"инструмент для обрезки, секатор садовый, ножницы для веток, инструмент для сада обрезка, сучкорез, инструмент для деревьев, обрезка растений инструмент, секатор профессиональный";"інструмент для обрізки, секатор садовий, ножиці для гілок, інструмент для саду обрізка, сучкоріз, інструмент для дерев, обрізка рослин інструмент, секатор професійний";секатор;секатор;"Виробник, Тип устройства"
135;1250355;https://prom.ua/Nabory-sadovyh-instrumentov;Лопати та вила;"лопата садовая, вилы садовые, лопата для земли, вилы для сада, инструмент для копки, лопата штыковая, вилы для грунта, лопата садовая прочная";"лопата садова, вила садові, лопата для землі, вила для саду, інструмент для копання, лопата штикова, вила для ґрунту, лопата садова міцна";лопата;лопата;"Виробник, Тип устройства"
136;1250355;https://prom.ua/Nabory-sadovyh-instrumentov;Граблі та сапки;"грабли садовые, сапка садовая, инструмент для рыхления, грабли для травы, сапка для огорода, инструмент садовый грабли, грабли металлические, сапка ручная";"граблі садові, сапка садова, інструмент для розпушування, граблі для трави, сапка для городу, інструмент садовий граблі, граблі металеві, сапка ручна";грабли;граблі;"Виробник, Тип устройства"
137;1250355;https://prom.ua/Nabory-sadovyh-instrumentov;Сокири та секачі;"топор колун, секач для дров, топор туристический, топор для рубки, колун для дерева, инструмент для рубки, топор строительный, секач ручной";"сокира колун, сікач для дров, сокира туристична, сокира для рубки, колун для дерева, інструмент для рубки, сокира будівельна, сікач ручний";топор;сокира;"Виробник, Тип устройства"
138;1250355;https://prom.ua/Nabory-sadovyh-instrumentov;Посадковий інструмент;"инструмент посадочный, совок садовый, набор для посадки, инструмент для растений, посадка растений инструмент, садовый набор посадки, инструмент для рассады, совок металлический";"інструмент посадковий, совок садовий, набір для посадки, інструмент для рослин, посадка рослин інструмент, садовий набір посадки, інструмент для розсади, совок металевий";совок;совок;"Виробник, Тип устройства"
139;1250355;https://prom.ua/Nabory-sadovyh-instrumentov;Аксесуари для садових інструментів;"аксессуары садового инструмента, комплектующие садового инструмента, насадки для садового инструмента, ручки для инструмента, запчасти садового инструмента, принадлежности для сада, аксессуары для садовых работ, комплектующие для сада";"аксесуари садового інструменту, комплектуючі садового інструменту, насадки для садового інструменту, ручки для інструменту, запчастини садового інструменту, приладдя для саду, аксесуари для садових робіт, комплектуючі для саду";аксессуары садовые;аксесуари садові;"Виробник, Тип устройства"
140;1250355;https://prom.ua/Nabory-sadovyh-instrumentov;Прибирання снігу та льоду;"инструмент для уборки снега, лопата для снега, скребок для льда, инвентарь зимний, инструмент для льда, лопата снеговая, очистка снега инструмент, скребок ледяной";"інструмент для прибирання снігу, лопата для снігу, скребок для льоду, інвентар зимовий, інструмент для льоду, лопата снігова, очищення снігу інструмент, скребок льодовий";лопата для снега;лопата для снігу;"Виробник, Тип устройства"
141;513;https://prom.ua/Udliniteli-elektricheskie;Подовжувач;"удлинитель электрический, кабель удлинитель, удлинитель с розетками, удлинитель для дома, удлинитель силовой, удлинитель на катушке, кабель удлинитель длинный, удлинитель для техники";"подовжувач електричний, кабель подовжувач, подовжувач з розетками, подовжувач для дому, подовжувач силовий, подовжувач на котушці, кабель подовжувач довгий, подовжувач для техніки";удлинитель;подовжувач;"Виробник, Тип устройства"
142;513;https://prom.ua/Udliniteli-elektricheskie;Вилка;"вилка электрическая, штекер питания, вилка для кабеля, электрическая вилка разъем, штекер сетевой, вилка 220в, вилка для провода, разъем вилка";"вилка електрична, штекер живлення, вилка для кабелю, електрична вилка роз'єм, штекер мережевий, вилка 220в, вилка для проводу, роз'єм вилка";вилка;вилка;"Виробник, Тип устройства"
143;513;https://prom.ua/Udliniteli-elektricheskie;Розетка;"розетка электрическая, розетка настенная, розетка силовая, розетка для дома, розетка с заземлением, розетка двойная, розетка встроенная, розетка электрическая бытовая";"розетка електрична, розетка настінна, розетка силова, розетка для дому, розетка із заземленням, розетка подвійна, розетка вбудована, розетка електрична побутова";розетка;розетка;"Виробник, Тип устройства"
144;513;https://prom.ua/Udliniteli-elektricheskie;Адаптер;"адаптер электрический, переходник розетки, адаптер питания, переходник сетевой, адаптер универсальный, адаптер для розетки, переходник вилки, адаптер для техники";"адаптер електричний, перехідник розетки, адаптер живлення, перехідник мережевий, адаптер універсальний, адаптер для розетки, перехідник вилки, адаптер для техніки";адаптер;адаптер;"Виробник, Тип устройства"
145;150426;https://prom.ua/Led-osveschenie;;"освещение led, светильник светодиодный, лампа освещения, освещение для дома, светильник потолочный, освещение уличное, лампа led, светильник настенный";"освітлення led, світильник світлодіодний, лампа освітлення, освітлення для дому, світильник стельовий, освітлення вуличне, лампа led, світильник настінний";освещение;освітлення;Виробник
146;301906;https://prom.ua/Drugie-sredstva-individualnoj-zaschity;Засоби індивідуального захисту;"средства индивидуальной защиты, защитное снаряжение, средства защиты, защитная экипировка, защита для работы, средства защиты труда, защитное оборудование, средства безопасности";"засоби індивідуального захисту, захисне спорядження, засоби захисту, захисне екіпірування, захист для роботи, засоби захисту праці, захисне обладнання, засоби безпеки";средства защиты;засоби захисту;Виробник
147;82210;https://prom.ua/Germetiki;;"герметик силиконовый, герметик строительный, клей герметик, аэрозоль технический, спрей герметик, герметик для швов, монтажный герметик, аэрозоль смазка";"герметик силіконовий, герметик будівельний, клей герметик, аерозоль технічний, спрей герметик, герметик для швів, монтажний герметик, аерозоль мастило";герметик;герметик;Виробник
148;62601;https://prom.ua/Obogrevateli-infrakrasnye;;"обогреватель электрический, инфракрасный обогреватель, обогреватель для дома, тепловентилятор, обогреватель настенный, обогреватель переносной, обогреватель комнатный, отопительный прибор";"обігрівач електричний, інфрачервоний обігрівач, обігрівач для дому, тепловентилятор, обігрівач настінний, обігрівач переносний, обігрівач кімнатний, опалювальний прилад";обогреватель;обігрівач;Виробник
149;5093502;https://prom.ua/Instrument-dlya-setevyh-rabot-obschee;;"инструмент для кабеля, инструмент обжима, инструмент для витой пары, кримпер rj45, инструмент для монтажа кабеля, инструмент для сетей, обжимной инструмент, инструмент электрика";"інструмент для кабелю, інструмент обжиму, інструмент для крученої пари, кримпер rj45, інструмент для монтажу кабелю, інструмент для мереж, обжимний інструмент, інструмент електрика";кримпер;кримпер;Виробник
150;15370399;https://prom.ua/Drugie-elektroizmeritelnye-pribory;;"прибор настройки, тестер кабеля, измерительный прибор сети, тестер сети, прибор для настройки оборудования, тестер rj45, анализатор сети, прибор диагностики";"прилад налаштування, тестер кабелю, вимірювальний прилад мережі, тестер мережі, прилад для налаштування обладнання, тестер rj45, аналізатор мережі, прилад діагностики";тестер сети;тестер мережі;Виробник
151;4201;https://prom.ua/Kronshtejny;;"кронштейн для телевизора, крепление для монитора, настенный кронштейн, держатель телевизора, кронштейн vesa, крепление для экрана, кронштейн поворотный, кронштейн наклонный";"кронштейн для телевізора, кріплення для монітора, настінний кронштейн, тримач телевізора, кронштейн vesa, кріплення для екрана, кронштейн поворотний, кронштейн нахильний";кронштейн;кронштейн;Виробник
152;6371818;https://prom.ua/Gromkogovoriteli;;"система озвучивания, система оповещения, акустическая система, громкоговоритель система, система звука, оборудование оповещения, система громкой связи, звуковая система";"система озвучення, система оповіщення, акустична система, гучномовець система, система звуку, обладнання оповіщення, система гучного зв'язку, звукова система";система озвучивания;система озвучення;Виробник
153;300501;https://prom.ua/Bronezhilety;;"бронеплита, плита бронежилета, защитная плита, бронеплита керамическая, бронеплита баллистическая, плита защиты тела, бронеплита уровень защиты, плита бронежилета вставка";"бронеплита, плита бронежилета, захисна плита, бронеплита керамічна, бронеплита балістична, плита захисту тіла, бронеплита рівень захисту, плита бронежилета вставка";бронеплита;бронеплита;Виробник
154;3082002;https://prom.ua/Razgruzochnye-zhilety;;"плитоноска бронежилет, плитоноска тактическая, жилет под бронеплиты, разгрузочный жилет плитоноска, плитоноска военная, жилет защитный, плитоноска с карманами, плитоноска для защиты";"плитоноска бронежилет, плитоноска тактична, жилет під бронеплити, розвантажувальний жилет плитоноска, плитоноска військова, жилет захисний, плитоноска з кишенями, плитоноска для захисту";плитоноска;плитоноска;Виробник
155;152401;https://prom.ua/Armejskie-spetssumki-i-ryukzaki;;"тактическое снаряжение, военное снаряжение, экипировка тактическая, снаряжение для армии, аксессуары военные, экипировка для защиты, снаряжение для тактики, комплект снаряжения";"тактичне спорядження, військове спорядження, екіпірування тактичне, спорядження для армії, аксесуари військові, екіпірування для захисту, спорядження для тактики, комплект спорядження";снаряжение;спорядження;Виробник
156;300503;https://prom.ua/Shlemy-broneshlemy-i-kaski;;"шлем защитный, каска тактическая, шлем военный, каска строительная, шлем безопасности, шлем защитный аксессуары, каска защитная, шлем экипировки";"шолом захисний, каска тактична, шолом військовий, каска будівельна, шолом безпеки, шолом захисний аксесуари, каска захисна, шолом екіпірування";шлем;шолом;Виробник
157;150410;https://prom.ua/Fonariki-;;"фонарь светодиодный, фонарик ручной, фонарь аккумуляторный, фонарь налобный, фонарь мощный, фонарь тактический, фонарь для дома, фонарь переносной";"ліхтар світлодіодний, ліхтарик ручний, ліхтар акумуляторний, ліхтар налобний, ліхтар потужний, ліхтар тактичний, ліхтар для дому, ліхтар переносний";фонарь;ліхтар;Виробник
158;14200394;https://prom.ua/Multituly;;"мультитул нож, мультитул инструмент, нож складной, нож туристический, мультитул карманный, нож многофункциональный, мультитул для выживания, нож инструмент";"мультитул ніж, мультитул інструмент, ніж складаний, ніж туристичний, мультитул кишеньковий, ніж багатофункціональний, мультитул для виживання, ніж інструмент";мультитул;мультитул;Виробник
159;63309;https://prom.ua/Melkaya-bytovaya-tehnika-dlya-lichnogo-polzovaniya-obschee;;"товары для быта, обустройство дома, товары для дома, бытовые товары, товары для комфорта, аксессуары для дома, товары повседневные, бытовая продукция";"товари для побуту, облаштування дому, товари для дому, побутові товари, товари для комфорту, аксесуари для дому, товари повсякденні, побутова продукція";товары для быта;товари для побуту;Виробник
160;50505;https://prom.ua/Metallodetektory;;"металлоискатель, детектор металла, металлодетектор ручной, металлоискатель грунтовый, детектор металла портативный, металлоискатель для поиска, металлодетектор профессиональный, детектор металла прибор";"металошукач, детектор металу, металодетектор ручний, металошукач ґрунтовий, детектор металу портативний, металошукач для пошуку, металодетектор професійний, детектор металу прилад";металлоискатель;металошукач;Виробник
161;13240415;https://prom.ua/Bytovye-filtry-kompleksnoj-ochistki-vody;;"очиститель воды, фильтр для воды, система очистки воды, фильтр питьевой воды, фильтр под мойку, очистка воды бытовая, фильтр воды система, очиститель воды домашний";"очищувач води, фільтр для води, система очищення води, фільтр питної води, фільтр під мийку, очищення води побутове, фільтр води система, очищувач води домашній";очиститель воды;очищувач води;Виробник
