Слово в названии продукта;Производитель (виробник);Країна_виробник
A4;A4Tech;Тайвань
A4Tech;A4Tech;Тайвань
ACPR;ATIS;Україна
AGM;AGM;США
AGROMOT;AGROMOT;Китай
Ajax;Ajax;Україна
Akuvox;Akuvox;Китай
AlphaESS;AlphaESS;Китай
ATIS;ATIS;Україна
AZBIST;AZBIST;Китай
BCOM;BCOM;Китай
BG;BG;Китай
Boblov;Boblov;Китай
BRAZZERS;BRAZZERS;Китай
Cisa;Cisa;Італія
Commax;Commax;Південна Корея
CSB;CSB;Китай
Dahua;Dahua Technology;Китай
DCG;DCG;Китай
Dell;Dell;США
DELTA;DELTA;Китай
Deye;Deye;Китай
DH;Dahua Technology;Китай
DHI;Dahua Technology;Китай
Dnake;Dnake;Китай
DS;Hikvision;Китай
Dyness;Dyness;Китай
E.NEXT;E.NEXT;Нідерланди
ERKA;ERKA;Китай
EServer;E-server;Україна
Europower;Europower;Китай
Ew;Ewind;Китай
Ezviz;Ezviz;Китай
Faraday Electronics;Faraday Electronics;Китай
Felicity;Felicity;Китай
FIMI;FIMI;Китай
FMB;Dahua Technology;Китай
FPV;FPV;Китай
Full Energy;Full Energy;Китай
Gryphon;Gryphon;Китай
Hikvision;Hikvision;Китай
HiWatch;HiWatch;Китай
Hypernet;Hypernet;Китай
Hytera;Hytera;Китай
HYX;HYXiPower;Китай
Imou;Imou;Китай
IPCOM;IPCOM;Китай
Jablotron;Jablotron;Чехія
Kingston;Kingston;США
Kraft;Kraft;Китай
KSTAR;KSTAR;Китай
Light Vision;Light Vision;Китай
Lightwell;Lightwell;Китай
LITHTECH;LITHTECH;Китай
Longse;Longse;Китай
LPR;LPR;Китай
MBK;Yli Electronic;Китай
Mean Well;Mean Well;Тайвань
MeanWell;MeanWell;Тайвань
Megarevo;Megarevo;Китай
MERCUSYS;MERCUSYS;Китай
Merlion;Merlion;Китай
Meross;Meross;Китай
MikroTik;MikroTik;Латвія
Motorola;Motorola;США
MS;MS;Китай
MUST;MUST;Китай
Mustang Energy;Mustang Energy;Китай
Neolight;Neolight;Німеччина
OK-Net;Одескабель;Україна
OK-Net;Одескабель;Україна
ORBUS;ORBUS;Китай
PBK;PBK;Китай
PFA;Dahua Technology;Китай
PFB;Dahua Technology;Китай
PiPo;PiPo;Китай
PowerLink;PowerLink;Китай
PRO-UEA;CSV;Україна
PSU;PSU;Китай
Ritar;Ritar;Китай
RITAR;RITAR;Китай
RIVER;RIVER;Китай
Ruijie;Ruijie;Китай
SafetyEye;SafetyEye;Китай
SanDisk;SanDisk;США
SANDISK;SanDisk;США
Seagate;Seagate;США
SEVEN;SEVEN;Китай
Slinex;Slinex;Китай
Smarty;Smarty;Китай
STANDART;MegaBox;Україна
SWATTEN;SWATTEN;Китай
TCF;TCF;Китай
TCF;TCF;Китай
Tiras;Tiras;Китай
TML;TML;Китай
TP-Link;TP-Link;Китай
Transcend;Transcend;Тайвань
TRINIX;TRINIX;Китай
UA;UA;Україна
Ubiquiti;Ubiquiti;США
Ultracell;Ultracell;Великобританія
UNV;UNV;Китай
U-Prox;U-Prox;Україна
Utepo;Utepo;Китай
VIA Energy;VIA Energy;Китай
Via Security;Via Security;Китай
VIA SECURITY;Via Security;Китай
VIASecurity;Via Security;Китай
Victron Energy;Victron Energy;Нідерланди
VictronEnergy;Victron Energy;Нідерланди
VOLTER;VOLTER;Україна
VTM;Dahua Technology;Китай
VTO;Dahua Technology;Китай
Western Digital;Western Digital;США
YB;Yli Electronic;Китай
Yli Electronic;Yli Electronic;Китай
YM;YM;Китай
YM;Yli Electronic;Китай
YS;Yli Electronic;Китай
Zendure;Zendure;Китай
ZKTeco;ZKTeco;Китай
ZKTECO;ZKTeco;Китай
ЗЗКМ;Запорізький завод кольорових металів;Україна
ЗЗЦМ;Запорізький завод кольорових металів;Україна
КПВонг-HF-ВП;Одескабель;Україна
МП;МП;Україна
Новий кабельний завод;Новий кабельний завод;Україна
Одескабель;Одескабель;Україна
УкрПожКабель;УкрПожКабель;Україна
WD;Western Digital;США
HS-TF-L2;Hikvision;Китай
SL;Slinex;Китай
KVC;Kocom;Південна Корея
EMOS;EMOS;Чехія
BRACKET;Slinex;Китай
NE;AGM;США
Hikmicro;HikMicro;Китай
NVECTECH;NVECTECH;Китай
THUNDER;HikMicro;Китай
UDAPT;UDAPT;Україна
SIRIO;SIRIO;Китай
DJI;DJI;Китай
Commando;Commando;Китай
DK01BWIT;Yli Electronic;Китай
YEH-210;Yli Electronic;Китай
Z-728T;SEVEN;Китай
K-300L;TriniX;Китай
MBB;Yli Electronic;Китай
ISK;Yli Electronic;Китай
СПКВ-04;КС Мехатроникс;Україна
CR;SEVEN;Китай
Teltonika;Teltonika;Литва
OEM;OEM;Китай
ALISTAR;ALISTAR;Китай
TelStream;TelStream;Китай
EnerGenie;EnerGenie;Китай
Conter;Conter;Китай
Сommax;Сommax;Південна Корея
ML;Seven;Китай
SR;Seven;Китай
DHI;Dahua Technology;Китай
Redodo;Redodo;Китай
Power Queen;Power Queen;Китай
LiTime;LiTime;Китай
Eco-Worthy;Eco-Worthy;Китай
Hub Power;Hub Power;Китай
Pylontech;Pylontech;Китай
Solis;Solis;Китай
Pecron;Pecron;Китай
Vector;Vector;Китай
Новый кабельный завод;Новий кабельний завод;Україна
КПВ-ВП;Одескабель;Україна
EUROSAT;EUROSAT;Україна
КППт-ВП;Одескабель;Україна
КСВВнг-LS;Одескабель;Україна
КПВ;Одескабель;Україна
БКМ;Forpost;Україна
Adtek-Китай;Adtek-Китай;Китай
Panasonic;Panasonic;Японія
CMS;CMS;Україна
Digitus;Digitus;Німеччина
EPNew;EPNew;Тайвань
Kingda;Kingda;Китай
Panduit;Panduit;США
L&W ELECTRONICAL;L&W ELECTRONICAL;Сінгапур
Assmann;Assmann;Німеччина
Corning;Corning;США
CSV;CSV;Україна
ABS;CSV;Україна
Wall-Maunted;WAL;Китай
Електрощит;CSV;Україна
БК;CSV;Україна
Vector;Vector;Китай
FelicityESS;Felicity ESS;Китай
LITHTECH;Lithtech;Китай
Renon;Renon;США
Green Wave;Green Wave;Китай
SWAN;Swan;Ізраїль
;Без бренду;
